{
  "main": {
    "id": "9dd3761078ba515f",
    "type": "split",
    "children": [
      {
        "id": "f9e00b4f91541b7f",
        "type": "tabs",
        "children": [
          {
            "id": "1d545403f6cdf514",
            "type": "leaf",
            "state": {
              "type": "markdown",
              "state": {
                "file": "Object.md",
                "mode": "source",
                "source": false
              },
              "icon": "lucide-file",
              "title": "Object"
            }
          },
          {
            "id": "1744cefd07f2d7b0",
            "type": "leaf",
            "state": {
              "type": "markdown",
              "state": {
                "file": "vault.md",
                "mode": "source",
                "source": false
              },
              "icon": "lucide-file",
              "title": "vault"
            }
          }
        ]
      }
    ],
    "direction": "vertical"
  },
  "left": {
    "id": "cfa7426d0b0cb1d6",
    "type": "mobile-drawer",
    "children": [
      {
        "id": "2c142b896f6cda59",
        "type": "leaf",
        "state": {
          "type": "file-explorer",
          "state": {
            "sortOrder": "alphabetical",
            "autoReveal": false
          },
          "icon": "lucide-folder-closed",
          "title": "Files"
        }
      },
      {
        "id": "653070bc8f9aed91",
        "type": "leaf",
        "state": {
          "type": "search",
          "state": {
            "query": "",
            "matchingCase": false,
            "explainSearch": false,
            "collapseAll": false,
            "extraContext": false,
            "sortOrder": "alphabetical"
          },
          "icon": "lucide-search",
          "title": "Search"
        }
      },
      {
        "id": "a07a79f8efe44498",
        "type": "leaf",
        "state": {
          "type": "tag",
          "state": {
            "sortOrder": "frequency",
            "useHierarchy": true,
            "showSearch": false,
            "searchQuery": ""
          },
          "icon": "lucide-tags",
          "title": "Tags"
        }
      },
      {
        "id": "68dd939667dabeda",
        "type": "leaf",
        "state": {
          "type": "bookmarks",
          "state": {},
          "icon": "lucide-bookmark",
          "title": "Bookmarks"
        }
      }
    ],
    "currentTab": 0
  },
  "right": {
    "id": "35401f9c46e6e0bb",
    "type": "mobile-drawer",
    "children": [
      {
        "id": "476a64abb81ec125",
        "type": "leaf",
        "state": {
          "type": "backlink",
          "state": {
            "file": "vault.md",
            "collapseAll": false,
            "extraContext": false,
            "sortOrder": "alphabetical",
            "showSearch": false,
            "searchQuery": "",
            "backlinkCollapsed": false,
            "unlinkedCollapsed": true
          },
          "icon": "links-coming-in",
          "title": "Backlinks"
        }
      },
      {
        "id": "93144262d351454f",
        "type": "leaf",
        "state": {
          "type": "outgoing-link",
          "state": {
            "file": "vault.md",
            "linksCollapsed": false,
            "unlinkedCollapsed": true
          },
          "icon": "links-going-out",
          "title": "Outgoing links"
        }
      },
      {
        "id": "7220bd4a978feeee",
        "type": "leaf",
        "state": {
          "type": "outline",
          "state": {
            "file": "vault.md",
            "followCursor": false,
            "showSearch": false,
            "searchQuery": ""
          },
          "icon": "lucide-list",
          "title": "Outline"
        }
      }
    ],
    "currentTab": 0
  },
  "left-ribbon": {
    "hiddenItems": {
      "switcher:Open quick switcher": false,
      "graph:Open graph view": false,
      "canvas:Create new canvas": false,
      "daily-notes:Open today's daily note": false,
      "templates:Insert template": false,
      "command-palette:Open command palette": false
    }
  },
  "active": "1d545403f6cdf514",
  "lastOpenFiles": [
    "vault.md",
    "2025-04-03.md",
    "Functions.md",
    "Object.md",
    "constructors.md",
    "prototype.md"
  ]
}