{
  "collapse-filter": false,
  "search": "",
  "showTags": false,
  "showAttachments": false,
  "hideUnresolved": false,
  "showOrphans": true,
  "collapse-color-groups": false,
  "colorGroups": [
    {
      "query": "Middleware",
      "color": {
        "a": 1,
        "rgb": 14701138
      }
    }
  ],
  "collapse-display": false,
  "showArrow": true,
  "textFadeMultiplier": 0,
  "nodeSizeMultiplier": 1.83870967741936,
  "lineSizeMultiplier": 3.57741935483871,
  "collapse-forces": false,
  "centerStrength": 0.758064516129032,
  "repelStrength": 15.0537634408602,
  "linkStrength": 0.5,
  "linkDistance": 245,
  "scale": 1.5314837279859197,
  "close": true
}