{
  "main": {
    "id": "4afd11e44aee104e",
    "type": "split",
    "children": [
      {
        "id": "6076a9874ffbe291",
        "type": "tabs",
        "children": [
          {
            "id": "522178f0dbcd3425",
            "type": "leaf",
            "state": {
              "type": "markdown",
              "state": {
                "file": "Client.md",
                "mode": "source",
                "source": false
              },
              "icon": "lucide-file",
              "title": "Client"
            }
          }
        ]
      }
    ],
    "direction": "vertical"
  },
  "left": {
    "id": "e7063734aeddd310",
    "type": "mobile-drawer",
    "children": [
      {
        "id": "d37c541145c6bb82",
        "type": "leaf",
        "state": {
          "type": "file-explorer",
          "state": {
            "sortOrder": "alphabetical",
            "autoReveal": false
          },
          "icon": "lucide-folder-closed",
          "title": "Files"
        }
      },
      {
        "id": "36108fe38ad0eb1d",
        "type": "leaf",
        "state": {
          "type": "search",
          "state": {
            "query": "",
            "matchingCase": false,
            "explainSearch": false,
            "collapseAll": false,
            "extraContext": false,
            "sortOrder": "alphabetical"
          },
          "icon": "lucide-search",
          "title": "Search"
        }
      },
      {
        "id": "c5f494e2e6e2f014",
        "type": "leaf",
        "state": {
          "type": "tag",
          "state": {
            "sortOrder": "frequency",
            "useHierarchy": true,
            "showSearch": false,
            "searchQuery": ""
          },
          "icon": "lucide-tags",
          "title": "Tags"
        }
      },
      {
        "id": "9377a623236a3946",
        "type": "leaf",
        "state": {
          "type": "bookmarks",
          "state": {},
          "icon": "lucide-bookmark",
          "title": "Bookmarks"
        }
      }
    ],
    "currentTab": 0
  },
  "right": {
    "id": "066eff59a9347527",
    "type": "mobile-drawer",
    "children": [
      {
        "id": "a7aadbece952b246",
        "type": "leaf",
        "state": {
          "type": "backlink",
          "state": {
            "file": "DB.md",
            "collapseAll": true,
            "extraContext": false,
            "sortOrder": "alphabetical",
            "showSearch": true,
            "searchQuery": "",
            "backlinkCollapsed": false,
            "unlinkedCollapsed": true
          },
          "icon": "links-coming-in",
          "title": "Backlinks"
        }
      },
      {
        "id": "bdca117e39a4b5a7",
        "type": "leaf",
        "state": {
          "type": "outgoing-link",
          "state": {
            "linksCollapsed": false,
            "unlinkedCollapsed": true
          },
          "icon": "links-going-out",
          "title": "Outgoing links"
        }
      },
      {
        "id": "46934c48f8c405b7",
        "type": "leaf",
        "state": {
          "type": "outline",
          "state": {
            "followCursor": false,
            "showSearch": false,
            "searchQuery": ""
          },
          "icon": "lucide-list",
          "title": "Outline"
        }
      }
    ],
    "currentTab": 0
  },
  "left-ribbon": {
    "hiddenItems": {
      "switcher:Open quick switcher": false,
      "graph:Open graph view": false,
      "canvas:Create new canvas": false,
      "daily-notes:Open today's daily note": false,
      "templates:Insert template": false,
      "command-palette:Open command palette": false
    }
  },
  "active": "522178f0dbcd3425",
  "lastOpenFiles": [
    "DB.md",
    "Middleware.md",
    "Client.md",
    "Network.md",
    "Caching.md",
    "APIs.md",
    "Request Handler.md",
    "Router.md",
    "static assets.md",
    "Cache Server.md",
    "WebApp.gsp",
    "ORM.md",
    "Page handler.md",
    "API handler.md",
    "OS / Server.md",
    "OS ",
    "REST APIs.md",
    "Backend.md",
    "Servers.md",
    "Untitled"
  ]
}