{
  "collapse-filter": false,
  "search": "",
  "showTags": false,
  "showAttachments": false,
  "hideUnresolved": false,
  "showOrphans": false,
  "collapse-color-groups": true,
  "colorGroups": [
    {
      "query": "Styling",
      "color": {
        "a": 1,
        "rgb": 14701138
      }
    },
    {
      "query": "",
      "color": {
        "a": 1,
        "rgb": 14725458
      }
    }
  ],
  "collapse-display": false,
  "showArrow": true,
  "textFadeMultiplier": -2.3,
  "nodeSizeMultiplier": 2.60268817204301,
  "lineSizeMultiplier": 5,
  "collapse-forces": false,
  "centerStrength": 0.387096774193548,
  "repelStrength": 9.24731182795699,
  "linkStrength": 0.752688172043011,
  "linkDistance": 250,
  "scale": 1.8764488591054307,
  "close": true
}