{
  "main": {
    "id": "00991cd3a0558f25",
    "type": "split",
    "children": [
      {
        "id": "4a3a51a7fc94d2ca",
        "type": "tabs",
        "children": [
          {
            "id": "1c69627bd4a73cad",
            "type": "leaf",
            "state": {
              "type": "graph",
              "state": {},
              "icon": "lucide-git-fork",
              "title": "Graph view"
            }
          }
        ]
      }
    ],
    "direction": "vertical"
  },
  "left": {
    "id": "bf3cd8077b601a5c",
    "type": "mobile-drawer",
    "children": [
      {
        "id": "11cd8b8fa889fa40",
        "type": "leaf",
        "state": {
          "type": "file-explorer",
          "state": {
            "sortOrder": "alphabetical",
            "autoReveal": true
          },
          "icon": "lucide-folder-closed",
          "title": "Files"
        }
      },
      {
        "id": "2a6c00defcd58275",
        "type": "leaf",
        "state": {
          "type": "search",
          "state": {
            "query": "",
            "matchingCase": false,
            "explainSearch": false,
            "collapseAll": false,
            "extraContext": false,
            "sortOrder": "alphabetical"
          },
          "icon": "lucide-search",
          "title": "Search"
        }
      },
      {
        "id": "5a00a61bc75bf718",
        "type": "leaf",
        "state": {
          "type": "tag",
          "state": {
            "sortOrder": "frequency",
            "useHierarchy": true,
            "showSearch": false,
            "searchQuery": ""
          },
          "icon": "lucide-tags",
          "title": "Tags"
        }
      },
      {
        "id": "8a2bc013e6db810f",
        "type": "leaf",
        "state": {
          "type": "bookmarks",
          "state": {},
          "icon": "lucide-bookmark",
          "title": "Bookmarks"
        }
      }
    ],
    "currentTab": 0
  },
  "right": {
    "id": "da9e73a953b39d94",
    "type": "mobile-drawer",
    "children": [
      {
        "id": "25a8775a61e06c11",
        "type": "leaf",
        "state": {
          "type": "backlink",
          "state": {
            "collapseAll": false,
            "extraContext": false,
            "sortOrder": "alphabetical",
            "showSearch": false,
            "searchQuery": "",
            "backlinkCollapsed": false,
            "unlinkedCollapsed": true
          },
          "icon": "links-coming-in",
          "title": "Backlinks"
        }
      },
      {
        "id": "c31bc7884d6c8a31",
        "type": "leaf",
        "state": {
          "type": "outgoing-link",
          "state": {
            "file": "Untitled 1.canvas",
            "linksCollapsed": false,
            "unlinkedCollapsed": true
          },
          "icon": "links-going-out",
          "title": "Outgoing links"
        }
      },
      {
        "id": "4bdb28c168132670",
        "type": "leaf",
        "state": {
          "type": "outline",
          "state": {
            "file": "Untitled 1.canvas",
            "followCursor": false,
            "showSearch": false,
            "searchQuery": ""
          },
          "icon": "lucide-list",
          "title": "Outline"
        }
      }
    ],
    "currentTab": 0
  },
  "left-ribbon": {
    "hiddenItems": {
      "switcher:Open quick switcher": false,
      "graph:Open graph view": false,
      "canvas:Create new canvas": false,
      "daily-notes:Open today's daily note": false,
      "templates:Insert template": false,
      "command-palette:Open command palette": false
    }
  },
  "active": "1c69627bd4a73cad",
  "lastOpenFiles": [
    "Required.md",
    "Optional.md",
    "File Structure/1. File-structure.md",
    "App routes.md",
    "App-Pages Router.md",
    "Api routes.md",
    "Styling/styling.md",
    "Styling/Global.md",
    "Styling/CSS Modules.md",
    "Styling/Tailwind.md",
    "Routing/Functions.md",
    "Middleware.md",
    "Data Fetching.md",
    "data fetching.md",
    "Routing/Rendering.md",
    "Routes-both.md",
    "Routing/Routes-both.md",
    "pages.md",
    "Both pages + app.md",
    "Auth.md",
    "Catch-all Routes.md",
    "Directory Structure and File Naming.md",
    "Route Groups.md",
    "useRouter.md",
    "styles.md",
    "Server Components.md",
    "Untitled.canvas",
    "Api",
    "Server-side",
    "Routing",
    "File Structure",
    "Untitled 1.canvas",
    "API",
    "Styling",
    "pages"
  ]
}